author	total_holdings	work_count	record_count	All	Since 2014	User	Bibliometrics	Figure	Status	University	lang
Adrián A. Díaz-Faes	2	2	2	168	158	qbu_JY4AAAAJ	Yes	Researcher	Active	ingenio CSIC-UPV	2
Adèle Paul-Hus	11	5	7	719	717	ZsZex3IAAAAJ	Yes	Professor	Active	Université de Montréal	1
Alan Pritchard	2515	78	199	2893	1596	quOCDDEAAAAJ	Yes	Researcher	Deceased	----	1
Alberto Martín-Martín	39	3	6	1060	1056	YlPd48UAAAAJ	Yes	Professor	Active	University of Granada	2
Alesia Zuccala	12	4	6	1154	716	FubDq0QAAAAJ	Yes	Professor	Active	University of Copenhagen	1
Alvaro Roldán López	1	1	1	39	14	YSF9w9cAAAAJ	Yes	Librarian	Active	Consejería de Sanidad de la Comunidad de Madrid	1
Amit Kumar Bandyopadhyay	14	2	2	196	119	_ZnVaK8AAAAJ	Yes	Professor	Retired	University of Burdwan	1
Andrea Scharnhorst	2234	15	67	2889	1372	QcS8uh89nbUC	Yes	Professor	Active	The DANS KOS Observatory (KOSo)	2
Andrea Twiss-Brooks	190	1	8	92	56	GJB9xKAAAAAJ	Yes	Librarian	Active	University of Chicago	1
Andreas Strotmann	189	3	12	1146	648	dKuMsmEAAAAJ	Yes	Researcher	Active	ScienceXplore	1
András Schubert	349	21	62	13094	4832	DTNpAiwAAAAJ	Yes	Professor	Retired	Hungarian Academy of Sciences,	4
Aneta Drabek	20	18	19	225	160	vG4GfIMAAAAJ	Yes	Librarian	Active	University of Silesia in Katowice	1
Anthony (Ton) F.J. van Raan	439	39	76	14228	5694	G-2AKcgAAAAJ	Yes	Researcher	Retired	University of Leiden	3
Antonio Fernández-Cano	79	41	52	1516	751	VVZZdpsAAAAJ	Yes	Professor	Active	University of Granada	2
Antonio Gutierrez Gracia	1348	47	108	2560	1467	rprEIGcAAAAJ	Yes	Researcher	Retired	ingenio csic-upv	3
Antonio Perianes-Rodríguez	94	18	24	1042	747	uv-uDGsAAAAJ	Yes	Professor	Active	University Carlos III of Madrid	2
Antonio Pulgarin	60	18	32	813	353	6stmDBwAAAAJ	Yes	Professor	Retired	University of Extremadura	3
Anup Kumar Das	572	10	33	653	425	Mc52nH8AAAAJ	Yes	Librarian	Active	Jawaharlal Nehru University	1
Aparna Basu	1357	29	87	933	375	owrNVxoAAAAJ	Yes	Researcher	Emeritus	NISTADS	1
B. Elango	1	1	1	261	252	vhOetx0AAAAJ	Yes	Librarian	Active	IFET College of Engineering	1
B. S.Kademani	2	2	2	2019	609	oMjvoV4AAAAJ	Yes	Librarian	Active	Bhabha Atomic Research Centre	1
Bart Thijs	12	11	12	2719	1544	ZgtVRfAAAAAJ	Yes	Professor	Active	KU Leuven	1
Bart Van Looy	1810	90	175	8215	5131	6WNI9vkAAAAJ	Yes	Professor	Active	KU Leuven	3
Belver C. Griffith	354	25	55	9013	2218	5M5DhdcAAAAJ	Yes	Professor	Deceased	Drexel University	2
Ben R Martin	3014	60	192	15348	6894	jkxeY2sAAAAJ	Yes	Professor	Active	Prof Ben Martin	1
Benjamín Vargas-Quesada	638	8	34	2641	1283	b_A0QD4AAAAJ	Yes	Professor	Active	Universidad de Granada	2
Berenika M. Webster	3	3	3	494	202	MzC7m3kAAAAJ	Yes	Librarian	Active	University of Pittsburgh	1
Bertram C. Brookes	963	47	203	4132	793	Pl5u6egAAAAJ	Yes	Professor	Deceased	University College London	5
Bhaskar Mukherjee	810	12	48	549	401	QQ2-23sAAAAJ	Yes	Professor	Active	Banaras Hindu University	2
Bidyarthi Dutta	35	2	4	121	75	yKjT-_oAAAAJ	Yes	Professor	Active	Vidyasagar University	1
Birger Larsen	716	4	18	1826	991	fIL_MF0AAAAJ	Yes	Professor	Active	Aalborg University Copenhagen	1
Björn Hammarfelt	19	15	18	1006	896	seuD8ukAAAAJ	Yes	Professor	Active	University of Borås	2
Blaise Cronin	6785	144	586	11427	4573	ZM_iVWQAAAAJ	Yes	Professor	Emeritus	Indiana University Bloomington	4
Borja González-Albo Manglano	2	2	2	318	238	_y1hvXYAAAAJ	Yes	Researcher	Active	CSIC	2
Carlos Benito Amat	29	1	2	322	138	T8BjsjMAAAAJ	Yes	Researcher	Active	CSIC and INGENIO	1
Carlos Olmeda-Gomez	219	22	47	663	438	XrdfHXUAAAAJ	Yes	Professor	Active	Universidad Carlos III	2
Carole Probst	17	3	3	218	114	-tErsS0AAAAJ	Yes	Professor	Active	Zurich University of Applied Sciences (ZHAW)	2
Caroline S. Wagner	7157	32	147	5393	3078	OBu0OHEAAAAJ	Yes	Professor	Active	Ohio State University	2
Cassidy R. Sugimoto	2301	11	88	6276	5746	AjKdHVMAAAAJ	Yes	Professor	Active	Indiana University Bloomington	2
Catharina Rehn	2	2	2	195	126	DnJhIGQAAAAJ	Yes	Librarian	Active	Karolinska Institutet Universitetsbiblioteket	1
Chandran Velmurugan	2	1	1	399	380	z5rNJbEAAAAJ	Yes	Librarian	Active	Vivekanandha Arts & Science College for Women	1
Chaomei Chen	5879	42	243	16476	7837	IjN4HSRsdakC	Yes	Researcher	Active	Drexel University	2
Chaoqun Ni	11	3	3	1161	1029	aSuMS0oAAAAJ	Yes	Professor	Active	University of Iowa	2
Chris Belter	447	10	11	302	290	pvilbloAAAAJ	Yes	Librarian	Active	National Institue of Health	1
Christian Gumpenberger	12	5	8	838	749	o1ED8XQAAAAJ	Yes	Librarian	Active	University of Vienna	2
Christian Schloegl	124	21	32	1055	629	mb9URYsAAAAJ	Yes	Professor	Active	University of Graz	2
Cinzia Daraio	701	13	48	4923	3214	0alB7eMAAAAJ	Yes	Professor	Active	"University of Rome ""La Sapienza"""	1
Ciriaco Andrea D'Angelo	23	23	23	4008	3195	WPjx-3cAAAAJ	Yes	Professor	Active	University of Rome Tor Vergata	1
Claire Donovan	4	1	3	907	588	_Q2XIpoAAAAJ	Yes	Professor	Active	Brunel University London	1
Clara Calero	5	3	5	856	620	P2byP8gAAAAJ	Yes	Researcher	Active	University of Leiden	2
Cristian Colliander	3	2	3	268	195	ZNw-kmUAAAAJ	Yes	Professor	Active	Umeå University	1
Dalibor Fiala	10	6	8	446	370	qFA7Fw4AAAAJ	Yes	Professor	Active	University of West Bohemia	3
Dangzhi Zhao	192	5	14	1352	797	5vXyMaEAAAAJ	Yes	Professor	Active	University of Alberta	1
Daniel Torres-Salinas	83	18	28	3683	2608	wQUrJIoAAAAJ	Yes	Professor	Active	University of Granada	2
Daniel Wadskog	6	3	5	123	59	89N1ZusAAAAJ	Yes	Librarian	Active	Uppsala University, Sweden	2
Daniela De Filippo	46	3	6	950	657	xJXchMIAAAAJ	Yes	Professor	Active	University Carlos III de Madrid	1
David 'the' Stuart	1	1	1	817	405	TIHpj0QAAAAJ	Yes	Professor	Active	King's College London	1
Derek J. de Solla Price	6775	179	484	21002	5928	Ev26B2YAAAAJ	Yes	Professor	Deceased	---	11
Diana Hicks	1	1	1	7331	3953	gtXLO6EAAAAJ	Yes	Professor	Active	Georgia Institute of Technology	1
Diana Lucio-Arias	135	6	16	581	406	cjoIbkwAAAAJ	Yes	Professor	Active	Pontifical Xavierian University	2
Diego Marcos Cartagena	1	1	1	65	47	LaVtLncAAAAJ	Yes	Librarian	Active	iMarina	1
Edgar Schiebel	67	19	44	458	211	Kdi1X6UAAAAJ	Yes	Researcher	Active	Austrian Institute of Technology	2
Ehsan Mohammadi	7	4	6	667	665	ddrRUEMAAAAJ	Yes	Professor	Active	University of South Carolina	2
Elea Giménez-Toledo	451	20	70	1542	865	jaqfQqEAAAAJ	Yes	Researcher	Active	CSIC	2
Elena Corera-Álvarez	101	13	19	1604	642	KR0qfAkAAAAJ	Yes	Researcher	Active	CSIC	1
Elias Sanz-Casado	119	26	40	1944	962	Y0EL1yIAAAAJ	Yes	Professor	Active	University Carlos III of Madrid	3
Emanuela Reale	172	35	68	2058	1260	0InLmQIAAAAJ	Yes	Researcher	Active	IRCrES-CNR	2
Emilio Delgado López-Cózar	196	25	58	6156	3849	kyTHOh0AAAAJ	Yes	Professor	Active	Universidad de Granada	3
Emma Georgina Santillán Rivero	1	1	1	100	37	OsNNp2gAAAAJ	Yes	Librarian	Active	CINESTAV	1
Enrique Orduna-Malea	458	11	44	1493	1391	g6bEUdkAAAAJ	Yes	Professor	Active	Universita de Valencia	2
Ephrance Abu Ujum	1	1	1	88	79	unuq524AAAAJ	Yes	Professor	Retired	University of Malaya	1
Eric Archambault	188	29	43	3116	1994	lwTJW3oAAAAJ	Yes	Researcher	Active	Science-Metrix and 1science	2
Erjia Yan	11	3	3	2479	1931	Nomi_U0AAAAJ	Yes	Professor	Active	Drexel University	1
Ernesto Spinak	26	11	18	1536	745	ay4sWXfG4AwJ	Yes	Librarian	Active	independent consultant	3
Eugene Garfield*	3399	148	448	30681	9590	26U7IAEAAAAJ	Yes	Researcher	Deceased	Institute for Scientific Information	6
Eustache Mêgnigbêto	10	3	5	252	209	xQk_UhwAAAAJ	Yes	Librarian	Active	University of Antwerp	2
Evaristo Jimenez-Contreras	57	20	33	3132	1411	EJ34B9wAAAAJ	Yes	Professor	Active	University of Granada	1
Faramarz Soheili	2	2	2	193	160	3sNIdnwAAAAJ	Yes	Researcher	Active	Payame Noor University	1
Farideh Osareh	1	1	1	1111	464	tDmKKbgAAAAJ	Yes	Professor	Active	University of Ahvaz	1
Fereshteh Didegah	2	2	2	949	849	pG0Ynb8AAAAJ	Yes	Professor	Active	University of British Columbia	1
Filistéa Naudé	150	3	7	70	54	-mQvjwQAAAAJ	Yes	Librarian	Active	University of South Africa	1
Fiorenzo Franceschini	2042	28	98	5012	2726	xYb-EPwAAAAJ	Yes	Professor	Active	Politecnico di Torino 	3
Francis Narin	422	46	96	15582	4433	ZZ56uad45oYC	Yes	Researcher	Retired	CHI Research	1
Francisco Collazo	8	8	8	357	245	MFR_KSYAAAAJ	Yes	Researcher	Active	Centro de InvestigaciÓN de Estudios Avanzados	1
Franjo Pehar	31	3	6	60	44	Gszh79kAAAAJ	Yes	Professor	Active	University of Zadar	2
Frederik Verleysen	4	4	4	446	412	ihw-HskAAAAJ	Yes	Professor	Active	University of Antwerp	2
Fredrik Åström	380	20	35	1095	795	OtuV1tt6WzEC	Yes	Professor	Active	Lund University	2
Félix de Moya Anegón	799	32	85	9367	5048	IvruGDUAAAAJ	Yes	Researcher	Active	Independiente	4
G Steven McMillan	4	3	4	1338	405	iLZ3yDEAAAAJ	Yes	Professor	Active	Penn State Abington	1
G. Galyani	1	1	1	359	204	chsTGtEAAAAJ	Yes	Professor	Active	Allameh Tabataba'i University	1
G. Rathinasabapathy	10	3	3	223	189	8fEZ4vIAAAAJ	Yes	Librarian	Active	Tamil Nadu Veterinary and Animal Sciences University	1
Gabriel Peterson	4	2	2	39	20	xcQ4EKwAAAAJ	Yes	Professor	Active	North Carolina Central University	1
Gali Halevi	6	1	1	713	681	HeSsXtcAAAAJ	Yes	Librarian	Active	Mount Sinai - New York	1
Georgios Paltoglou	382	4	15	5225	4178	NIp713AAAAAJ	Yes	Researcher	Active	European Commission	1
Giovanni Abramo	23	18	21	4105	3253	xPBDwzcAAAAJ	Yes	Researcher	Active	Italian National Research Council	2
Gohar Feroz Khan	459	8	43	1377	1213	W2MXc50AAAAJ	Yes	Professor	Active	University of Waikato	2
Gonzalo Ordonez-Matamoros	91	10	20	624	466	WSUZlUcAAAAJ	Yes	Professor	Active	University of Twente	2
Guido Van Hooydonk	64	10	29	1305	366	PjjpXccAAAAJ	Yes	Professor	Emeritus	Ghent University	4
HD Daniel	1351	36	92	7942	4080	G1e3DVcAAAAJ	Yes	Professor	Active	ETH Zurich	2
Hajar Sotudeh	1	1	1	284	215	bdJlRbMAAAAJ	Yes	Professor	Active	Shiraz University	1
Haydar Yalcin	14	5	7	214	175	roWLf5ybkSIC	Yes	Professor	Active	Izmir Katip Celebi Universitesi	1
Hedman Juha	10	6	9	483	246	AvHE6wcAAAAJ	Yes	Researcher	Active	University of Turku	2
Henk F. Moed	2398	49	169	13408	5801	qgrbFW8AAAAJ	Yes	Researcher	Emeritus	Leiden University	5
Henry Small	362	36	69	11540	4245	gUqJmFUAAAAJ	Yes	Researcher	Retired	Institute for Scientific Information	1
Hervé Rostaing	35	10	15	489	108	94SETOkAAAAJ	Yes	Professor	Active	Aix-Marseille University	1
Heting Chu	525	14	56	1671	602	7UF7ZQcAAAAJ	Yes	Professor	Active	Long Island University	2
Howard D. White	1821	18	63	7980	2584	6jKyyX0AAAAJ	Yes	Professor	Emeritus	Drexel University	1
Hyunseok Park	2	1	2	864	829	hs_siRcAAAAJ	Yes	Professor	Active	Hanyang University	1
I.K. Ravichandra Rao	342	28	70	997	302	Ozk_6FsAAAAJ	Yes	Researcher	Active	 Indian Statistical Institute	3
Ian Rowlands	2090	25	103	5330	2635	N6kcUMwAAAAJ	Yes	Professor	Active	University of Waterloo	1
Ifeanyi J. Ezema	8	3	3	431	345	F2H7yXYAAAAJ	Yes	Professor	Active	University of Nigeria	1
Isidro F. Aguillo	258	28	41	3596	1844	SaCSbeoAAAAJ	Yes	Researcher	Active	CSIC	2
Ismael Rafols	8	6	7	7068	5019	puqLKfsAAAAJ	Yes	Researcher	Active	University of Leiden	2
J Sylvan Katz	151	15	28	5745	2524	nx4kZtIAAAAJ	Yes	Researcher	Active	Ergonic Resources Ltd., Saskatoon, SK., Canada	2
J. Carlos García-Zorita	5	5	5	609	341	M5NYl_MAAAAJ	Yes	Professor	Active	Universidad Carlos III	1
Jadranka Stojanovski	6	4	4	264	184	MlH_ohgAAAAJ	Yes	Librarian	Active	Rudjer Boskovic Institute Library	2
Jan Maluleka	11	4	4	130	117	eyz46HQAAAAJ	Yes	Professor	Active	University of South Africa	1
Jan Youtie	580	34	48	4767	2917	MYOwwTUAAAAJ	Yes	Researcher	Active	Georgia Institute of Technology	1
Javier Ruiz-Castillo	1187	172	302	3485	1448	7LCYds0AAAAJ	Yes	Professor	Active	Universidad Carlos III	2
Jens Peter Andersen	4	1	3	146	131	dlxHlskAAAAJ	Yes	Professor	Active	Aarhus University	1
Jens Terliesner	0	1	1	560	505	7SA5PYYAAAAJ	Yes	Professor	Active	Heinrich-Heine-University Düsseldorf	1
Jeppe Nicolaisen	11	8	10	933	507	4tCxUq4AAAAJ	Yes	Professor	Active	University of Copenhagen	2
Jesper W. Schneider	21	8	12	1771	1380	rlZGQaUAAAAJ	Yes	Professor	Active	Aarhus University	2
Jevin D. West	8	5	6	3000	2232	db5ZPlkAAAAJ	Yes	Professor	Active	University of Washington	1
Jill Lagerstrom	40	1	2	35	16	Fv3Z0OkAAAAJ	Yes	Librarian	Active	Barnard College	1
Joaquín M. Azagra-Caro	3	3	3	1149	565	pIaZNpcAAAAJ	Yes	Researcher	Active	ingenio CSIC-UPV	2
Johan Bollen	124	7	15	11838	7787	jDmcdsUAAAAJ	Yes	Professor	Active	Indiana University	2
John Irvine	1976	17	107	3743	663	F8-v-sAAAAAJ	Yes	Other professionals	Active	Latchi Watersports Centre	3
John Jeyasekar Jesubright	51	3	8	82	82	XaTWCBYAAAAJ	Yes	Librarian	Active	Forensic Sciences Department, Chennai	1
John Rigby	375	48	63	1065	652	SKVHHa0AAAAJ	Yes	Researcher	Active	Manchester Institute of Innovation Research	2
John S. Liu	1	1	1	2294	2043	FO1h7c0AAAAJ	Yes	Professor	Active	National Taiwan University of Science and Technology	1
Jose Antonio Torres-Reyes	5	2	4	151	52	4GU8zdoAAAAJ	Yes	Professor	Active	Universidad Autónoma de Nuevo León	1
Jose Maria López Piñero	5562	753	1839	7276	1644	oOenW_8AAAAJ	Yes	Researcher	Deceased	CSIC	5
Jose Morillo-Velarde Serrano	7	4	4	44	10	UkdVDTIAAAAJ	Yes	Librarian	Active	Universidad Carlos III	1
Jose Navarrete	5	5	5	503	211	jXhMj4MAAAAJ	Yes	Librarian	Active	Universidad de Jaén	1
José Luis Ortega	1111	34	64	2405	1470	jYqQRWgAAAAJ	Yes	Researcher	Active	CSIC	3
Juan Gorraiz	36	13	17	1378	1098	DkjpltQAAAAJ	Yes	Librarian	Active	University of Vienna	3
Judit Bar-Ilan	10	8	11	8213	4096	mkb_14UAAAAJ	Yes	Professor	Deceased	Bar-Ilan University	3
Kamal Badar	1	1	1	132	125	EdrXAn4AAAAJ	Yes	Professor	Active	Prince Sultan University	1
Kamal Lochan Jena	7	2	3	177	128	le2B5PUAAAAJ	Yes	Librarian	Active	College of Engineering & Technology, Bhubaneswar	1
Katherine W. McCain	33	9	16	6458	1913	ilq7xBAAAAAJ	Yes	Professor	Emeritus	Drexel University	1
Katy Borner	5084	48	165	9983	5210	YirSp_cAAAAJ	Yes	Professor	Active	Indiana University Bloomington	3
Kayvan Kousha	3	3	3	3189	2471	1qZw1XkAAAAJ	Yes	Professor	Active	University of Wolverhampton	1
Kevin W. Boyack	32	13	14	7107	4202	FUGxcFYAAAAJ	Yes	Researcher	Active	SciTech Strategies	1
Kim Holmberg	1618	13	47	1422	1174	gt_L3DwAAAAJ	Yes	Professor	Active	University of Turku	3
Kim-Leng Goh	186	44	57	745	464	UyX7UsYAAAAJ	Yes	Professor	Active	University of Malaya	2
Koenraad Debackere	1637	105	175	10077	4784	4HghiOEAAAAJ	Yes	Professor	Active	KU Leuven	2
Lea Velho	344	39	60	3352	1334	Nn04VVcAAAAJ	Yes	Professor	Active	  Universidade Estadual de Campinas,	3
Leandro Innocentini Lopes de Faria	2	2	2	732	479	JLLgS5EAAAAJ	Yes	Professor	Active	Universidade Federal de São Carlos 	1
Lennart Björneborn	14	6	11	1998	716	ryfQaSIAAAAJ	Yes	Professor	Active	University of Copenhagen	2
Leslie Adriaanse	1	1	1	152	141	K1vf73MAAAAJ	Yes	Librarian	Active	University of South Africa	1
Li Tang 唐莉	1	1	1	826	699	FIT6asAAAAAJ	Yes	Professor	Active	Fudan University	1
Liney Manjarres-Henríquez	1	1	1	749	500	c4HL8GsAAAAJ	Yes	Professor	Active	Universidad de la Costa 	1
Loet Leydesdorff	1234	65	192	49466	25909	ych9gNYAAAAJ	Yes	Professor	Emeritus	University of Amsterdam	5
Lokman Meho	2421	12	47	4505	2260	OBhOQoYAAAAJ	Yes	Librarian	Active	American University of Beirut	3
Luc Marie Quoniam	907	59	74	1847	1043	e0aJoloAAAAJ	Yes	Researcher	Active	Vlab4u Collaboratory	3
Ludo Waltman	33	26	28	5927	4682	UbPa8qgAAAAJ	Yes	Researcher	Active	Centre for Science and Technology Studies (CWTS)	1
Lutz Bornmann	215	14	28	15545	11087	-XinoL8AAAAJ	Yes	Researcher	Active	Max-Planck-Society	2
Magdalena Bemke-Świtilnik	3	3	3	8	8	mfKSTWsAAAAJ	Yes	Professor	Active	Główny Instytut Górnictwa	1
Magnus Gulbrandsen	439	21	50	4321	2386	OWBAjtUAAAAJ	Yes	Researcher	Active	ingenio csic-upv	5
Maite barrios	82	9	17	2134	1392	dMx3z84AAAAJ	Yes	Professor	Active	University of Barcelona	3
Maja Jokić	131	25	32	392	180	nQ6iBrEAAAAJ	Yes	Researcher	Active	Institute for Social Research in Zagreb	3
Marcia Regina da Silva	13	7	8	1377	779	EwqAdjUAAAAJ	Yes	Professor	Active	Universidade de São Paulo	2
Maria Cassella	54	4	9	423	256	agJK6DIAAAAJ	Yes	Librarian	Active	University of Turin	2
Maria Victoria Guzman Sánchez	90	13	16	4352	2123	V6meT00AAAAJ	Yes	Researcher	Active	Finlay Institute of Vaccines	1
Marianne Gauffriau	4	1	2	272	139	n7CvIkIAAAAJ	Yes	Librarian	Active	Copenhagen University Library	1
Mariano A. Maura	54	6	10	64	23	hb17p14AAAAJ	Yes	Professor	Retired	University of Puerto Rico	2
Marie E McVeigh	1	1	1	905	378	3QW6BeMAAAAJ	Yes	Librarian	Active	Clarivate Analytics	1
Mario Coccia	99	65	106	7144	6298	Lf1kf1QAAAAJ	Yes	Researcher	Active	Italian National Research Council	2
Martin Meyer	123	7	19	7634	3399	FsCwR9kAAAAJ	Yes	Professor	Active	University of Aberdeen	2
Massimo Franceschet	36	10	12	2169	1045	zrFUWLoAAAAJ	Yes	Professor	Active	University of Udine	1
Matthew L. Wallace	3	1	2	568	408	TiCTAagAAAAJ	Yes	Researcher	Active	International Development Research Centre	1
Matthias Weber	480	23	64	2653	1565	toUl8EIAAAAJ	Yes	Researcher	Active	AIT Austrian Institute of Technology	2
Michael E. D. Koenig	2894	38	136	3041	716	_FqjzRwAAAAJ	Yes	Professor	Active	Long Island University	2
Michael J. Moravcsik	2225	59	192	5565	774	1SxjllcAAAAJ	Yes	Professor	Deceased	University of California, University of Oregon	4
Mike Thelwall	1162	50	119	29666	18658	8jCKL1sAAAAJ	Yes	Professor	Active	University of Wolverhampton	4
Mirza Muhammad Naseer	2	1	1	126	97	jqp6orwAAAAJ	Yes	Professor	Active	Imam Abdul Rahman Bin Faisal University	1
Mohammad-Hossein Biglu	28	2	5	426	309	sSDgnesAAAAJ	Yes	Professor	Active	Tabriz University of Medical Sciences	1
Mustar Philippe	1057	39	112	5645	2637	weYWb-oAAAAJ	Yes	Professor	Active	Mines Paris Tech	3
Muzammil Tahira	5	1	2	155	127	hgFl7zcAAAAJ	Yes	Librarian	Active	University of Education, Lahore-Pakistan	2
Máxima Bolaños-Pizarro	5	4	5	538	371	6Yz1W0wAAAAJ	Yes	Professor	Active	Universitat de València	1
Nader Ale Ebrahim	7	7	7	2828	2362	XiIuF7YAAAAJ	Yes	Professor	Active	University of Malaya	1
Nees Jan van Eck	27	21	23	8724	7305	ksTAMO0AAAAJ	Yes	Researcher	Active	Centre for Science and Technology Studies (CWTS)	1
Nele Dexters	1	1	1	218	113	3eqDwnsAAAAJ	Yes	Professor	Active	University of Antwerp	1
Nick Tomaiuolo	3189	6	37	398	61	bekzZAUAAAAJ	Yes	Librarian	Active	Connecticut State University's	3
Nicolás Robinson-García	3	3	3	1485	1324	Jd6KNkQAAAAJ	Yes	Researcher	Active	Delf University	1
OB Onyancha	25	27	27	1072	710	Ez4tQZIAAAAJ	Yes	Professor	Active	University of South Africa	1
Olle Persson	132	44	70	5322	2405	uzYG4G4AAAAJ	Yes	Professor	Emeritus	Umeå university	2
Orlando Gregorio-Chaviano	1	1	1	201	132	vXs3C_4AAAAJ	Yes	Professor	Active	Pontifical Xavierian University	1
Pablo Dorta-González	3	3	3	740	526	7PaIpS4AAAAJ	Yes	Professor	Active	Universidad de las Palmas de Gran Canaria	1
Paul Wouters	3672	74	137	6151	4647	ZHF-hVMAAAAJ	Yes	Researcher	Active	Leiden University	3
Pero Šipka	6	4	4	321	83	-uCwzKsAAAAJ	Yes	Researcher	Active	CEON/CEES	3
Peter Ingwersen	1878	116	273	11560	3294	Qtha5msAAAAJ	Yes	Professor	Emeritus	University of Copenhagen	7
Peter Jacso	3362	25	77	4142	1545	96uEd40AAAAJ	Yes	Professor	Active	University of Hawaii	3
Peter Sjögårde	1	1	1	26	24	jGc8a3wAAAAJ	Yes	Librarian	Active	Karolinska Institutet	1
Peter Van den Besselaar	2920	56	179	4663	2313	7Zy6oaEAAAAJ	Yes	Professor	Active	Vrije Universiteit Amsterdam	2
Philipp Mayr	481	33	50	1558	876	RIB8suEAAAAJ	Yes	Researcher	Active	GESIS - Leibniz Institute for the Social Sciences	2
Philippe Mongeon	4	4	4	1440	1428	wvX4S8sAAAAJ	Yes	Researcher	Active	University of Leiden	1
Ping Zhou	2	1	2	1639	809	4EOaTNcAAAAJ	Yes	Professor	Active	Zhejiang University	1
R Jeyshankar	1	1	1	425	360	TQF3k4cAAAAJ	Yes	Professor	Active	Alagappa University	1
RR Braam	146	12	29	1201	378	jaGPbK8AAAAJ	Yes	Researcher	Active	----	2
Rachel Borchardt	577	2	16	299	278	diGghEEAAAAJ	Yes	Librarian	Active	American Universiy Washington	1
Radhamany Sooryamoorthy	1876	27	85	1290	690	r-B0gRIAAAAJ	Yes	Professor	Active	University of KwaZulu-Natal	1
Raf Guns	194	2	14	894	727	NeSFF60AAAAJ	Yes	Professor	Active	University of Antwerp	1
Rafael Aleixandre-Benavent	42	32	38	4380	2280	P32v4lAAAAAJ	Yes	Researcher	Active	CSIC	3
Rafael Ruiz-Perez	157	35	69	2621	1219	ozjAngUAAAAJ	Yes	Professor	Active	University of Granada	2
Raul-Isaac Mendez-Vasquez	2	2	2	848	257	0UQJ5WsAAAAJ	Yes	Researcher	Active	Fundació Catalana per a la Recerca i la Innovació	1
Ricardo Arencibia Jorge	142	19	28	1914	1086	krJTaKIAAAAJ	Yes	Other professionals	Active	Empresa de Tecnologías de la Información	1
Rickard Danell	731	6	17	1477	915	ry8ZX0UAAAAJ	Yes	Professor	Active	Umeå universitet	2
Rigas Arvanitis	608	42	96	1677	621	YGyWxd8AAAAJ	Yes	Researcher	Active	Institut de recherche pour le développement	5
Robert D. Shelton	220	15	24	312	126	8CmmlyoAAAAJ	Yes	Researcher	Active	 WTEC	1
Robert J.W. Tijssen	161	36	56	6536	3259	GbQBFhAAAAAJ	Yes	Professor	Active	Leiden University	2
Rodrigo Costas	37	16	21	4290	3680	6dUTpTYAAAAJ	Yes	Researcher	Active	Centre for Science and Technology Studies (CWTS)	5
Rogério Mugnaini	6	5	6	1064	688	yg0B5VUAAAAJ	Yes	Professor	Active	University of São Paulo	1
Ronald Rousseau	1387	26	122	14433	6049	6wAM1TAAAAAJ	Yes	Professor	Active	KU Leuven	5
Rosa Scoble	3	1	3	276	262	nh3RQHQAAAAJ	Yes	Professor	Active	Brunel University London	1
Rosane Taruhn	2	2	2	78	13	swkc2vcAAAAJ	Yes	Librarian	Active	University of Sao Paulo	1
Rosario Rogel	115	15	26	371	227	t5jxiy0AAAAJ	Yes	Professor	Active	Universidad Autónoma del Estado de México	1
Ruben Urbizagastegui Alvarado	113	61	70	1115	593	c1kemjAAAAAJ	Yes	Librarian	Active	University of California at Riverside	3
Ruediger Mutz	92	10	16	3754	2549	U5DoJ5IAAAAJ	Yes	Researcher	Active	ETH Zurich	2
Sada Bihari Sahu	6	4	5	70	54	KXC96icAAAAJ	Yes	Researcher	Active	Small Industries Development Bank	1
Samir Kumar Jalal	1	1	1	144	95	tEB2e6AAAAAJ	Yes	Librarian	Active	Indian Institute of Technology	1
Samuel C Bradford	723	49	141	2015	604	G9hB9vEAAAAJ	Yes	Researcher	Deceased	Science Museum London	6
Sandra Miguel	124	18	25	1084	852	kx7GkbkAAAAJ	Yes	Professor	Active	National University of La Plata	3
Sebastian K Boell (Böll)	19	2	2	1191	1047	gEKg8gwAAAAJ	Yes	Professor	Active	University of Sydney	1
Sergio Carbonell de la Fé	87	4	8	65	39	qnoeT3MAAAAJ	Yes	Librarian	Active	----	1
Shenmeng Xu	2	2	2	416	362	6SYbD8AAAAAJ	Yes	Professor	Active	University of North Carolina at Chapel Hill	1
Shigeaki Yamazaki	3	3	3	367	83	1YDw_WwAAAAJ	Yes	Professor	Active	Aichi Shukutoku University	2
Sibele Fausto	1	1	1	195	164	gGiALDIAAAAJ	Yes	Librarian	Active	University of São Paulo	1
Stacy Konkiel	7	4	5	289	263	eslVzYQAAAAJ	Yes	Other professionals	Active	Digital Science	1
Staša Milojević	14	5	8	1546	1353	ElYJ8mUAAAAJ	Yes	Professor	Active	Indiana University, Bloomington	1
Stefan Darmoni	164	49	67	3364	1409	EPs9X3AAAAAJ	Yes	Professor	Active	Rouen University Hospital	1
Stefanie Haustein	1317	11	32	4484	4312	kWhLvE8AAAAJ	Yes	Professor	Active	University of Ottawa	2
Subir K. Sen	5	2	4	161	44	F-zEw80AAAAJ	Yes	Professor	Active	University of Calcutta	1
Suzana Mueller	52	24	37	2114	881	S-JffFoAAAAJ	Yes	Professor	Emeritus	University of Brasilia	3
Svein Kyvik	1063	65	140	4631	2383	Mm8hmRcAAAAJ	Yes	Researcher	Active	Nordic Institute for Studies in Innovation	4
Sven Hemlin	1124	34	99	1697	895	Smopdp0AAAAJ	Yes	Professor	Emeritus	University of Gothenburg	5
Swapan kumar Patra	2	2	2	583	433	XIT3hDEAAAAJ	Yes	Professor	Active	Tshwane University of Technology	1
Sybille Hinze	352	52	96	1452	447	hfo4uyIAAAAJ	Yes	Professor	Active	DZHW	4
Terttu Luukkonen	122	71	97	2996	1021	cw83cRwAAAAJ	Yes	Professor	Emeritus	University manchester	2
Thed van Leeuwen	40	7	7	7448	3684	DTRyxOUAAAAJ	Yes	Researcher	Active	Centre for Science and Technology Studies (CWTS)	2
Tibor Braun	2706	167	456	9534	2124	jfM8cPAAAAAJ	Yes	Professor	Retired	Loránd Eötvös University	8
Tim Engels	6	5	5	1075	952	fx07pbwAAAAJ	Yes	Professor	Active	Universiteit Antwerpen	1
Tove Faber Frandsen	10	3	6	754	399	OsiP8QQAAAAJ	Yes	Professor	Active	University of Southern Denmark	1
Ulf Sandström	332	83	114	1731	834	3_TFJjAAAAAJ	Yes	Researcher	Active	KTH Royal Institute Technology	2
Umut Al	470	8	26	1358	867	RAfy1r4AAAAJ	Yes	Professor	Active	Hacettepe Universit	3
Vaishali Khaparde	4	2	2	274	241	g7fxPrIAAAAJ	Yes	Professor	Active	Dr Babasaheb Ambedkar Marathwada University	1
Valentina Markusova	5	3	3	691	454	_DHUuYsAAAAJ	Yes	Researcher	Active	Russian Institute for S&T Information (VINITI)	2
Valeria Molteni	2	2	2	125	79	SWEPI9oAAAAJ	Yes	Librarian	Active	Menlo College	1
Vasily V. Nalimov	2441	83	262	12376	3372	6Ev6TloAAAAJ	Yes	Researcher	Deceased	----	5
Vicente Pablo Guerrero Bote	76	13	18	3079	1862	Kx-qCh0AAAAJ	Yes	Professor	Active	University of Extremadura	2
Victor Herrero-Solana	90	6	10	3865	1463	OKIleUEAAAAJ	Yes	Professor	Active	University of Granada	2
Vincent Larivière	407	24	53	10555	8894	UvfK8IUAAAAJ	Yes	Researcher	Active	University of Leiden	2
Werner Marx	8	3	4	2545	1791	5czWyjsAAAAJ	Yes	Researcher	Active	Max Planck Institute for Solid State Research,	1
Wolfgang Glänzel	1111	54	114	18776	8701	eN4qrBgAAAAJ	Yes	Professor	Active	KU Leuven	4
Wouter Gerritsma	28	11	12	308	175	3iDBE-MAAAAJ	Yes	Librarian	Deceased	Vrije Universiteit Amsterdam	1
Władysław Marek Kolasa	183	90	103	269	164	CasYbjEAAAAJ	Yes	Professor	Active	Pedagogical University of Cracow	3
Xiaozhong Liu	67	27	32	769	682	1BUByMcAAAAJ	Yes	Professor	Active	Indiana University Bloomington	2
Yaniris Rodríguez-Sánchez	123	4	12	166	102	sJAtp0oAAAAJ	Yes	Researcher	Active	CINESTAV	1
Ying Ding	1436	19	88	9043	4817	riuIGwIAAAAJ	Yes	Professor	Active	 Indiana University Bloomington	2
Yves-François Le Coadic	1302	30	91	2504	904	BeGPwbgAAAAJ	Yes	Professor	Emeritus	Cnam - Paris	5
Zaida Chinchilla-Rodríguez	165	19	38	3058	1688	eI_07rMAAAAJ	Yes	Researcher	Active	CSIC	1
Zohreh Zahedi	5	5	5	1350	1337	X8O5sZ4AAAAJ	Yes	Researcher	Active	University of Leiden	2
maryam shekofteh	2	2	2	129	96	KFidCf0AAAAJ	Yes	Professor	Active	Shahid Beheshti University of Medical Sciences	1
Álvaro Cabezas-Clavijo	63	5	11	1189	849	z9mQzfYAAAAJ	Yes	Researcher	Active	EC3metrics	2
